,Date,北京,天津,上海,重庆,内蒙古,新疆,西藏,宁夏,广西,香港,澳门,黑龙江,吉林,辽宁,河北,山西,青海,山东,河南,江苏,安徽,浙江,福建,江西,湖南,湖北,广东,台湾,海南,甘肃,陕西,四川,贵州,云南,Total
40,2020-01-10,0,0,0,0,0,0,0,0,0,0,0,0,0,0,0,0,0,0,0,0,0,0,0,0,0,2,0,0,0,0,0,0,0,0,2
41,2020-01-11,0,0,0,0,0,0,0,0,0,0,0,0,0,0,0,0,0,0,0,0,0,0,0,0,0,6,0,0,0,0,0,0,0,0,6
42,2020-01-12,0,0,0,0,0,0,0,0,0,0,0,0,0,0,0,0,0,0,0,0,0,0,0,0,0,7,0,0,0,0,0,0,0,0,7
43,2020-01-13,0,0,0,0,0,0,0,0,0,0,0,0,0,0,0,0,0,0,0,0,0,0,0,0,0,7,0,0,0,0,0,0,0,0,7
44,2020-01-14,0,0,0,0,0,0,0,0,0,0,0,0,0,0,0,0,0,0,0,0,0,0,0,0,0,7,0,0,0,0,0,0,0,0,7
45,2020-01-15,0,0,0,0,0,0,0,0,0,0,0,0,0,0,0,0,0,0,0,0,0,0,0,0,0,12,0,0,0,0,0,0,0,0,12
46,2020-01-16,0,0,0,0,0,0,0,0,0,0,0,0,0,0,0,0,0,0,0,0,0,0,0,0,0,15,0,0,0,0,0,0,0,0,15
47,2020-01-17,0,0,0,0,0,0,0,0,0,0,0,0,0,0,0,0,0,0,0,0,0,0,0,0,0,19,0,0,0,0,0,0,0,0,19
48,2020-01-18,0,0,0,0,0,0,0,0,0,0,0,0,0,0,0,0,0,0,0,0,0,0,0,0,0,24,0,0,0,0,0,0,0,0,24
49,2020-01-19,0,0,0,0,0,0,0,0,0,0,0,0,0,0,0,0,0,0,0,0,0,0,0,0,0,25,0,0,0,0,0,0,0,0,25
50,2020-01-20,0,0,0,0,0,0,0,0,0,0,0,0,0,0,0,0,0,0,0,0,0,0,0,0,0,25,0,0,0,0,0,0,0,0,25
51,2020-01-21,0,0,0,0,0,0,0,0,0,0,0,0,0,0,0,0,0,0,0,0,0,0,0,0,0,28,0,0,0,0,0,0,0,0,28
52,2020-01-22,0,0,0,0,0,0,0,0,0,0,0,0,0,0,0,0,0,0,0,0,0,0,0,0,0,28,0,0,0,0,0,0,0,0,28
53,2020-01-23,0,0,0,0,0,0,0,0,0,0,0,0,0,0,0,0,0,0,0,0,0,1,0,0,0,31,2,0,0,0,0,0,0,0,34
54,2020-01-24,0,0,1,0,0,0,0,0,0,0,0,0,0,0,0,0,0,0,0,1,0,1,0,0,0,32,2,0,0,0,0,0,0,0,37
55,2020-01-25,0,0,1,0,0,0,0,0,0,0,0,0,0,0,0,0,0,0,0,1,0,1,0,0,0,42,2,0,0,0,0,0,0,0,47
56,2020-01-26,0,0,1,0,0,0,0,0,0,0,0,0,0,0,0,0,0,0,0,1,0,1,0,0,0,44,2,0,0,0,0,0,0,0,49
57,2020-01-27,2,0,3,0,0,0,0,0,0,0,0,0,0,0,0,0,0,0,0,1,0,1,0,0,0,47,4,0,0,0,0,0,0,0,58
58,2020-01-28,4,0,4,0,0,0,0,0,2,0,0,0,0,0,0,0,0,0,1,1,0,3,0,3,0,80,5,0,0,0,0,0,1,0,104
59,2020-01-29,4,0,5,1,0,0,0,0,2,0,0,0,0,1,0,1,0,1,2,1,2,4,0,3,0,90,6,0,1,0,0,1,1,0,126
60,2020-01-30,5,0,5,1,0,0,0,0,2,0,0,0,1,1,0,1,0,2,3,2,3,9,0,7,2,116,9,0,1,0,0,1,1,0,172
61,2020-01-31,5,0,9,1,1,0,0,0,2,0,0,0,1,1,0,1,0,2,3,5,3,15,0,9,3,166,0,0,1,0,0,3,2,1,234
62,2020-02-01,9,0,10,3,1,0,0,0,2,0,0,0,1,1,3,1,0,5,4,6,5,23,0,10,8,215,12,0,1,0,0,3,2,2,327
63,2020-02-02,12,1,10,7,1,0,0,0,2,0,0,2,1,1,3,2,0,6,14,7,7,36,0,18,16,295,14,0,4,3,0,12,2,3,479
64,2020-02-03,23,1,10,9,1,0,0,0,7,0,0,2,1,1,3,2,0,7,20,8,14,48,1,19,22,396,20,0,4,3,1,14,2,5,644
65,2020-02-04,24,2,12,14,1,0,0,0,10,0,0,4,1,2,4,4,0,13,41,13,20,63,7,27,35,520,32,0,4,4,2,23,5,5,892
66,2020-02-05,31,2,15,15,4,0,0,1,14,0,0,7,2,4,7,6,3,18,54,26,23,81,11,37,56,633,49,0,5,6,6,27,6,5,1154
67,2020-02-06,33,2,25,24,0,0,0,1,17,0,0,8,4,6,16,12,3,31,68,38,34,98,15,45,91,817,68,0,8,9,11,37,6,7,1534
68,2020-02-07,34,2,30,31,5,0,0,5,17,0,1,12,4,7,25,15,3,38,97,43,47,127,20,55,119,1115,97,1,11,9,9,50,6,12,2047
69,2020-02-08,37,4,41,39,5,0,0,13,18,0,1,13,5,12,30,21,3,50,131,51,59,173,24,72,159,1439,125,1,15,12,17,60,7,17,2654
70,2020-02-09,44,4,44,51,5,0,0,13,18,0,1,15,12,12,35,25,3,63,169,72,73,200,35,102,186,1795,143,1,19,16,20,76,7,18,3277
71,2020-02-10,48,8,48,66,5,0,0,14,30,0,1,27,13,17,41,26,3,71,198,84,88,250,39,127,213,2222,181,1,19,21,26,82,10,19,3998
72,2020-02-11,56,10,53,79,5,3,0,22,31,0,1,28,18,19,48,30,5,80,231,94,108,279,46,152,263,2639,241,1,20,24,31,85,17,20,4739
73,2020-02-12,68,11,57,102,6,3,1,24,33,1,2,31,22,22,54,33,9,98,258,131,128,327,54,170,312,3172,284,1,27,31,36,93,20,23,5644
74,2020-02-13,79,21,62,128,6,6,1,24,35,1,3,37,25,22,69,36,11,111,313,137,166,367,59,187,352,3862,332,1,30,39,44,105,28,27,6726
75,2020-02-14,97,32,90,152,6,6,1,27,40,1,3,48,25,29,86,38,11,139,356,160,198,409,66,210,389,4774,386,1,38,44,49,115,33,35,8094
76,2020-02-15,105,37,124,184,7,11,1,33,46,1,3,70,28,32,100,46,13,164,397,190,232,437,77,239,430,5623,436,2,39,49,53,127,37,42,9415
77,2020-02-16,114,45,140,207,8,12,1,33,51,2,5,80,30,41,109,50,13,175,438,226,266,470,84,275,467,6639,473,2,52,54,64,136,47,42,10851
78,2020-02-17,122,46,161,225,8,12,1,35,58,2,5,85,34,43,123,53,13,193,505,263,293,514,91,310,501,7862,530,2,59,58,79,163,66,47,12562
79,2020-02-18,145,48,177,254,9,14,1,42,76,4,5,108,36,55,136,61,15,215,552,296,361,544,96,362,542,9128,571,2,79,62,89,177,69,57,14388
80,2020-02-19,153,54,186,274,11,20,1,42,87,5,6,123,40,58,152,68,16,238,614,325,424,609,112,432,578,10337,619,2,84,65,89,198,71,60,16153
81,2020-02-20,169,59,199,299,16,22,1,44,95,5,6,141,44,61,170,76,16,270,717,352,500,647,134,489,638,11788,664,2,89,71,110,222,76,79,18271
82,2020-02-21,178,62,211,316,22,24,1,48,99,6,6,183,46,66,184,78,18,293,802,387,566,694,150,544,670,13557,720,2,96,76,117,242,90,96,20650
83,2020-02-22,189,65,227,328,26,25,1,48,104,11,6,215,52,68,204,81,18,311,861,411,620,729,165,611,704,15299,740,2,104,76,140,256,91,107,22895
84,2020-02-23,198,81,249,335,30,28,1,57,107,12,6,224,54,73,221,88,18,325,930,427,648,765,174,645,721,16738,772,5,106,78,153,263,102,115,24749
85,2020-02-24,215,87,261,349,34,30,1,58,129,18,6,232,60,83,241,94,18,343,989,458,692,794,188,682,751,18854,805,5,116,80,175,278,103,124,27353
86,2020-02-25,235,91,268,372,35,30,1,61,138,18,7,245,63,88,248,98,18,357,1023,463,727,814,205,719,779,20912,841,5,124,80,186,292,104,129,29776
87,2020-02-26,248,96,272,384,38,34,1,65,159,24,7,262,65,92,261,104,18,381,1062,494,764,881,225,754,793,23200,873,5,129,81,194,310,112,144,32532
88,2020-02-27,257,102,276,401,43,43,1,68,166,26,8,280,68,93,274,107,18,390,1103,506,814,943,232,790,820,26403,919,6,132,82,197,326,112,150,36156
89,2020-02-28,271,105,279,422,46,52,1,68,172,30,8,295,73,95,277,112,18,411,1161,519,842,987,241,811,841,28895,972,9,136,82,200,350,112,156,39049
90,2020-02-29,276,109,287,438,51,62,1,69,179,33,8,330,75,101,283,114,18,431,1185,529,868,1027,243,831,853,31187,1009,9,148,82,207,363,112,157,41675
91,2020-03-01,282,111,290,450,51,64,1,69,188,36,8,350,78,103,294,116,18,455,1205,536,888,1050,247,850,876,33757,1034,12,151,84,209,378,114,163,44518
92,2020-03-02,288,118,292,469,54,67,1,69,202,36,8,358,83,103,297,119,18,497,1223,555,917,1086,255,870,892,36167,1081,12,151,85,216,389,114,168,47260
93,2020-03-03,294,124,294,490,59,68,1,69,210,37,9,372,84,106,300,124,18,511,1234,565,941,1107,261,884,913,38556,1129,12,155,86,218,400,114,169,49914
94,2020-03-04,297,128,298,502,63,69,1,69,213,43,9,379,86,106,301,124,18,576,1239,580,956,1130,270,901,933,40479,1159,12,158,87,222,418,114,169,52109
95,2020-03-05,298,128,303,512,65,70,1,69,217,46,9,380,88,106,304,126,18,602,1241,588,970,1153,278,908,946,41966,1209,12,158,87,224,428,114,169,53793
96,2020-03-06,303,128,306,520,65,71,1,71,219,51,10,402,90,106,305,126,18,625,1243,601,979,1161,284,916,959,43468,1233,12,158,87,226,448,115,170,55477
97,2020-03-07,308,128,313,526,68,72,1,71,223,55,10,409,90,108,307,126,18,637,1246,610,981,1169,295,918,965,45011,1250,13,158,87,226,457,117,170,57143
98,2020-03-08,315,129,314,527,70,73,1,71,230,59,10,421,90,109,307,126,18,647,1247,618,984,1182,295,923,979,46433,1260,15,159,87,227,465,123,170,58684
99,2020-03-09,320,130,315,542,70,73,1,71,234,60,10,434,91,110,307,127,18,703,1247,622,984,1190,295,927,988,47585,1270,15,159,88,227,470,129,170,59982
100,2020-03-10,326,131,319,547,70,73,1,71,237,65,10,435,91,111,307,131,18,721,1249,627,984,1205,295,932,995,49056,1282,17,159,88,227,484,133,170,61567
101,2020-03-11,334,132,320,554,71,73,1,72,241,67,10,440,91,111,307,131,18,733,1249,628,984,1209,295,934,998,50298,1288,17,160,88,232,494,137,170,62887
102,2020-03-12,342,132,321,564,71,73,1,72,243,75,10,446,91,112,310,132,18,739,1249,630,984,1209,295,934,1004,51553,1296,20,160,88,232,500,140,170,64216
103,2020-03-13,349,132,324,566,71,73,1,72,243,78,10,447,91,113,310,133,18,740,1249,630,984,1211,295,934,1009,52943,1299,20,160,89,232,510,143,170,65649
104,2020-03-14,353,132,324,569,71,73,1,73,243,81,10,453,91,113,310,133,18,741,1250,631,984,1211,295,934,1014,54278,1303,20,160,91,232,515,143,172,67022
105,2020-03-15,358,133,324,570,71,73,1,73,247,84,10,454,92,114,310,133,18,743,1250,631,984,1213,295,934,1014,55094,1306,20,160,91,232,516,143,172,67863
106,2020-03-16,368,133,325,570,73,73,1,75,248,88,10,456,92,119,310,133,18,746,1250,631,984,1216,295,934,1014,55987,1307,22,161,91,233,520,144,172,68799
107,2020-03-17,373,133,325,570,73,73,1,75,250,92,10,459,92,122,310,133,18,746,1250,631,984,1216,295,934,1014,56883,1312,22,161,91,236,525,144,172,69725
108,2020-03-18,379,133,326,570,74,73,1,75,250,95,10,460,92,122,310,133,18,747,1250,631,984,1217,295,934,1014,57678,1318,22,161,91,237,531,144,172,70547
109,2020-03-19,384,133,326,570,74,73,1,75,250,98,10,463,92,122,310,133,18,748,1250,631,984,1219,295,934,1014,58381,1322,26,161,98,237,536,144,172,71284
110,2020-03-20,392,133,326,570,74,73,1,75,250,98,10,463,92,122,310,133,18,749,1250,631,984,1219,295,934,1014,58942,1325,28,161,113,239,536,144,172,71876
111,2020-03-21,398,133,327,570,74,73,1,75,250,100,10,465,92,122,310,133,18,750,1250,631,984,1219,295,934,1014,59432,1329,28,161,113,239,536,144,172,72382
112,2020-03-22,400,133,328,570,74,73,1,75,250,100,10,465,92,124,310,133,18,751,1250,631,984,1221,295,934,1014,59879,1332,28,161,114,239,536,144,172,72841
113,2020-03-23,401,133,329,570,74,73,1,75,250,101,10,468,92,124,310,133,18,752,1250,631,984,1221,295,934,1014,60323,1333,29,161,118,240,536,144,172,73299
114,2020-03-24,401,133,330,570,74,73,1,75,250,102,10,468,92,124,310,133,18,752,1250,631,984,1221,295,934,1014,60810,1334,29,162,119,240,536,144,172,73791
115,2020-03-25,403,133,330,570,74,73,1,75,250,106,10,469,92,124,310,133,18,752,1250,631,984,1222,295,934,1014,61201,1336,29,162,121,242,536,144,172,74196
116,2020-03-26,406,133,331,570,74,73,1,75,250,110,10,469,92,124,310,133,18,752,1250,631,984,1222,295,934,1014,61731,1337,29,162,123,242,536,144,172,74737
117,2020-03-27,409,133,334,570,74,73,1,75,250,111,10,469,92,124,310,133,18,752,1251,631,984,1225,295,934,1014,62098,1341,30,162,125,242,536,144,172,75122
118,2020-03-28,411,133,334,570,74,73,1,75,250,112,10,469,92,124,310,133,18,752,1251,631,984,1225,295,934,1014,62565,1349,30,162,125,242,536,144,172,75600
119,2020-03-29,412,133,334,570,74,73,1,75,250,118,10,469,92,124,310,133,18,753,1251,631,984,1225,295,935,1014,62882,1351,39,162,125,242,536,144,172,75937
120,2020-03-30,416,133,338,570,74,73,1,75,250,124,10,469,92,124,310,133,18,753,1251,631,984,1226,295,935,1014,63153,1353,39,162,125,242,536,144,172,76225
121,2020-03-31,418,135,341,570,74,73,1,75,250,128,10,469,92,124,310,133,18,753,1251,631,984,1226,297,935,1014,63326,1357,39,162,125,242,536,144,172,76415
122,2020-04-01,424,135,343,570,74,73,1,75,252,147,10,469,92,124,310,133,18,753,1251,631,984,1228,299,935,1014,63470,1365,45,162,127,242,537,144,172,76609
123,2020-04-02,434,140,343,570,74,73,1,75,252,154,10,469,92,124,310,133,18,754,1251,632,984,1228,300,935,1014,63470,1368,50,162,127,244,537,144,172,76644
124,2020-04-03,438,140,348,570,74,73,1,75,252,173,10,469,92,125,310,133,18,755,1251,632,984,1229,301,935,1014,63470,1378,50,162,131,245,538,144,172,76692
125,2020-04-04,441,144,356,570,74,73,1,75,252,186,10,469,92,126,310,133,18,755,1251,633,984,1230,303,935,1014,63470,1387,50,162,131,245,539,144,172,76735
126,2020-04-05,443,144,383,570,74,73,1,75,252,206,10,469,92,128,310,133,18,755,1252,633,984,1230,305,935,1014,63470,1395,54,162,132,246,540,144,172,76804
127,2020-04-06,448,151,389,570,74,73,1,75,252,216,10,469,92,130,312,133,18,755,1252,633,984,1230,305,935,1014,63470,1401,57,162,132,246,541,144,173,76847
128,2020-04-07,455,152,406,570,74,73,1,75,252,236,10,470,92,131,312,134,18,755,1252,633,984,1232,307,935,1014,63470,1411,61,162,133,246,541,144,173,76914
129,2020-04-08,464,152,417,570,79,73,1,75,252,264,10,470,93,131,313,134,18,756,1252,633,984,1235,308,935,1014,63470,1423,67,162,135,246,541,144,173,76994
130,2020-04-09,469,154,422,570,79,73,1,75,252,293,10,470,95,132,313,134,18,756,1252,634,984,1235,311,936,1014,63470,1434,80,162,135,246,546,144,173,77072
131,2020-04-10,474,158,435,570,79,73,1,75,252,309,10,470,96,133,313,135,18,757,1252,636,984,1236,317,936,1014,63470,1437,91,162,135,248,547,144,174,77141
132,2020-04-11,479,161,438,570,83,73,1,75,252,336,10,470,96,136,313,135,18,757,1253,638,984,1238,321,936,1014,63470,1443,99,162,135,248,547,144,174,77209
133,2020-04-12,484,161,446,570,83,73,1,75,252,360,13,470,96,136,313,135,18,758,1253,638,984,1239,325,936,1014,63470,1454,109,162,135,248,548,144,174,77277
134,2020-04-13,491,164,458,570,91,73,1,75,252,397,13,470,96,138,314,135,18,759,1254,641,984,1242,329,936,1014,63470,1458,114,162,135,248,548,144,175,77369
135,2020-04-14,495,168,468,570,94,73,1,75,252,434,15,470,96,138,314,135,18,761,1254,642,984,1244,331,936,1014,63470,1462,124,162,136,251,550,144,176,77457
136,2020-04-15,503,171,485,570,94,73,1,75,252,459,16,471,96,138,315,135,18,761,1254,642,984,1244,333,936,1014,63470,1471,137,162,136,251,552,144,176,77539
137,2020-04-16,509,172,489,570,103,73,1,75,252,485,16,471,97,140,316,135,18,761,1254,643,984,1246,334,936,1014,63487,1475,155,162,137,252,552,144,177,77635
138,2020-04-17,509,173,512,570,104,73,1,75,252,532,17,472,97,142,316,135,18,765,1254,643,984,1246,336,936,1015,63494,1482,166,162,137,252,553,144,177,77744
139,2020-04-18,510,173,516,570,104,73,1,75,252,568,17,472,97,142,316,135,18,765,1254,643,984,1247,339,936,1015,63507,1490,178,162,137,252,554,145,178,77825
140,2020-04-19,514,174,521,570,104,73,1,75,252,602,20,472,97,143,317,135,18,765,1254,643,984,1249,339,936,1015,63511,1494,189,162,137,252,554,145,178,77895
141,2020-04-20,516,174,530,570,108,73,1,75,252,630,22,475,97,143,317,140,18,765,1254,644,984,1251,341,936,1015,63514,1501,203,162,137,252,554,145,178,77977
142,2020-04-21,518,176,530,570,108,73,1,75,252,650,24,477,98,143,317,140,18,766,1254,645,984,1252,342,936,1015,63519,1511,217,162,137,253,556,145,178,78042
143,2020-04-22,522,178,532,570,108,73,1,75,252,678,26,485,98,143,317,142,18,766,1254,645,984,1254,342,936,1015,63547,1518,236,162,137,253,557,145,178,78147
144,2020-04-23,524,179,533,573,108,73,1,75,252,699,27,485,99,143,317,142,18,766,1254,646,984,1256,346,936,1015,63569,1528,253,162,137,253,558,145,180,78236
145,2020-04-24,525,181,547,573,114,73,1,75,252,725,27,508,99,143,318,149,18,767,1254,646,985,1256,349,936,1015,63593,1534,264,162,137,253,558,145,180,78362
146,2020-04-25,525,182,558,573,121,73,1,75,252,753,28,511,99,143,318,154,18,767,1254,646,985,1257,349,936,1015,63604,1542,275,162,137,253,558,145,181,78450
147,2020-04-26,525,182,568,573,129,73,1,75,252,772,31,556,99,143,318,157,18,768,1254,646,985,1258,349,936,1015,63616,1542,281,162,137,253,558,145,181,78558
148,2020-04-27,536,182,581,573,145,73,1,75,252,787,32,586,99,143,318,160,18,768,1254,646,985,1261,349,936,1015,63616,1547,290,162,137,253,558,145,181,78664
149,2020-04-28,538,183,584,573,145,73,1,75,252,811,32,586,99,143,318,160,18,768,1254,646,985,1261,349,936,1015,63616,1548,307,162,137,253,558,145,181,78712
150,2020-04-29,538,183,597,573,146,73,1,75,252,830,33,587,99,143,318,160,18,771,1254,647,985,1262,353,936,1015,63616,1554,311,162,137,253,558,145,181,78766
151,2020-04-30,542,184,599,573,150,73,1,75,252,846,35,587,99,143,318,164,18,772,1254,648,985,1263,353,936,1015,63616,1557,322,162,137,253,558,145,181,78816
152,2020-05-01,547,185,612,573,152,73,1,75,252,859,35,605,102,143,318,172,18,772,1254,650,985,1264,353,936,1015,63616,1565,324,162,137,254,558,145,181,78893
153,2020-05-02,547,186,612,573,154,73,1,75,252,864,37,604,102,144,318,176,18,772,1254,650,985,1265,353,936,1015,63616,1567,324,162,137,255,558,145,181,78911
154,2020-05-03,551,186,615,573,154,73,1,75,252,879,39,620,103,144,318,176,18,772,1254,650,985,1265,353,936,1015,63616,1568,332,162,137,260,558,145,181,78966
155,2020-05-04,553,186,619,573,156,73,1,75,252,900,39,657,103,144,318,180,18,773,1254,650,985,1265,353,936,1015,63616,1569,334,162,137,263,558,145,181,79043
156,2020-05-05,554,186,620,573,160,73,1,75,252,920,39,753,103,144,320,190,18,773,1254,650,985,1267,353,936,1015,63616,1572,334,162,137,263,558,145,181,79182
157,2020-05-06,555,186,620,573,167,73,1,75,252,932,39,783,103,144,320,193,18,775,1254,650,985,1267,353,936,1015,63616,1575,339,162,137,264,558,145,181,79246
158,2020-05-07,557,186,623,573,171,73,1,75,252,944,40,807,103,144,320,194,18,775,1254,651,985,1267,354,936,1015,63616,1575,347,162,137,266,558,145,181,79305
159,2020-05-08,560,186,623,573,172,73,1,75,252,960,40,827,105,144,320,195,18,776,1254,652,985,1267,354,936,1015,63616,1575,355,162,137,268,558,145,182,79361
160,2020-05-09,563,186,626,573,175,73,1,75,252,967,40,835,105,144,320,197,18,776,1254,652,985,1267,354,936,1015,63616,1576,361,162,137,292,558,145,182,79418
161,2020-05-10,565,186,626,573,184,73,1,75,252,982,41,891,105,144,321,197,18,776,1254,652,985,1267,354,936,1015,63616,1576,366,162,137,293,558,145,183,79509
162,2020-05-11,568,186,627,573,187,73,1,75,252,985,41,904,105,144,321,197,18,777,1254,653,985,1267,354,936,1015,63616,1577,368,162,137,294,558,145,183,79538
163,2020-05-12,571,186,631,573,188,73,1,75,252,991,42,928,105,144,321,198,18,777,1254,653,985,1267,354,936,1015,63616,1578,372,162,137,296,558,145,183,79585
164,2020-05-13,573,186,633,573,190,73,1,75,252,1008,42,929,108,144,321,198,18,777,1254,653,985,1267,354,936,1015,63616,1578,375,162,137,297,558,145,183,79616
165,2020-05-14,574,187,638,573,190,73,1,75,252,1009,43,930,108,144,321,198,18,777,1254,653,985,1267,354,936,1015,63616,1579,383,162,137,297,558,145,183,79635
166,2020-05-15,574,187,640,573,194,73,1,75,252,1019,43,930,108,144,321,198,18,778,1254,653,985,1267,355,936,1015,63616,1579,387,162,137,300,558,145,183,79660
167,2020-05-16,576,187,641,573,196,73,1,75,252,1022,43,931,113,144,321,198,18,780,1254,653,985,1267,355,936,1015,63616,1579,389,162,137,301,558,145,183,79679
168,2020-05-17,578,187,641,573,196,73,1,75,252,1024,44,932,122,144,321,198,18,780,1254,653,985,1267,355,936,1015,63616,1579,395,162,137,301,558,145,183,79700
169,2020-05-18,578,187,641,573,196,73,1,75,252,1025,44,932,122,144,322,198,18,780,1254,653,985,1267,355,936,1015,63616,1579,398,162,137,301,558,145,183,79705
170,2020-05-19,578,187,642,573,196,73,1,75,252,1025,45,932,125,144,322,198,18,780,1254,653,985,1267,355,936,1015,63616,1579,401,162,137,303,558,145,183,79715
171,2020-05-20,578,187,645,573,196,73,1,75,252,1026,45,932,125,144,322,198,18,780,1254,653,985,1267,355,936,1015,63616,1579,402,162,137,303,558,145,183,79720
172,2020-05-21,579,187,646,573,199,73,1,75,252,1029,45,932,127,144,322,198,18,780,1254,653,985,1267,355,936,1015,63616,1580,407,162,137,303,558,145,183,79736
173,2020-05-22,579,187,647,573,199,73,1,75,252,1029,45,932,127,144,322,198,18,780,1254,653,985,1267,355,936,1015,63616,1580,408,162,137,303,558,145,183,79738
174,2020-05-23,579,187,647,573,199,73,1,75,252,1029,45,932,128,144,322,198,18,780,1254,653,985,1267,355,936,1015,63616,1580,411,162,137,304,558,145,183,79743
175,2020-05-24,581,187,648,573,199,73,1,75,252,1030,45,932,128,144,322,198,18,780,1254,653,985,1267,355,936,1015,63616,1580,414,162,137,305,558,145,183,79751
176,2020-05-25,581,188,652,573,201,73,1,75,252,1030,45,932,128,145,322,198,18,780,1254,653,985,1267,355,936,1015,63617,1581,415,162,137,305,558,145,183,79762
177,2020-05-26,581,188,653,573,204,73,1,75,252,1033,45,932,128,147,322,198,18,780,1254,653,985,1267,355,936,1015,63617,1581,416,162,137,305,558,145,183,79772
178,2020-05-27,581,188,655,573,205,73,1,75,252,1034,45,932,128,147,322,198,18,780,1254,653,985,1267,355,936,1015,63618,1581,419,162,137,305,558,145,183,79780
179,2020-05-28,581,188,655,573,205,73,1,75,252,1035,45,932,136,147,322,198,18,780,1254,653,985,1267,355,936,1015,63618,1582,420,162,137,305,558,145,183,79791
180,2020-05-29,581,188,657,573,205,73,1,75,252,1035,45,932,142,147,322,198,18,780,1254,653,985,1267,355,936,1015,63618,1582,420,163,137,305,558,145,183,79800
181,2020-05-30,581,188,657,573,206,73,1,75,252,1036,45,932,142,147,322,198,18,780,1254,653,985,1267,355,936,1015,63618,1583,421,163,137,305,558,145,183,79804
182,2020-05-31,581,188,657,573,206,73,1,75,252,1037,45,932,144,147,322,198,18,780,1254,653,985,1267,355,936,1015,63619,1583,422,163,137,305,558,145,183,79809
183,2020-06-01,581,188,660,573,207,73,1,75,252,1037,45,932,147,147,322,198,18,780,1254,653,985,1267,356,936,1015,63620,1583,427,162,137,305,558,145,183,79822
184,2020-06-02,581,188,661,573,209,73,1,75,252,1038,45,932,147,147,322,198,18,780,1254,653,985,1267,356,936,1015,63620,1583,427,162,137,305,558,145,183,79826
185,2020-06-03,582,188,661,573,209,73,1,75,252,1039,45,934,148,147,322,198,18,780,1254,653,985,1267,356,931,1015,63620,1583,428,162,137,305,558,145,183,79827
186,2020-06-04,583,188,662,573,212,73,1,75,252,1041,45,934,149,147,322,198,18,780,1254,653,985,1267,356,931,1015,63620,1583,428,162,137,305,558,145,183,79835
187,2020-06-05,583,189,663,573,213,73,1,75,252,1045,45,934,150,147,322,198,18,780,1254,653,985,1267,356,931,1015,63623,1584,429,162,137,305,558,145,183,79848
188,2020-06-06,583,189,664,573,213,73,1,75,252,1048,45,934,151,147,322,198,18,780,1254,653,985,1267,356,931,1015,63623,1584,429,162,137,305,558,145,183,79853
189,2020-06-07,583,189,664,573,213,73,1,75,252,1049,45,934,153,147,322,198,18,780,1254,653,985,1267,356,931,1015,63623,1584,430,162,137,305,558,145,183,79857
190,2020-06-08,583,189,664,573,218,73,1,75,252,1049,45,934,153,147,322,198,18,781,1254,653,985,1267,356,931,1015,63623,1585,430,162,137,305,558,145,183,79864
191,2020-06-09,584,189,665,573,226,73,1,75,252,1050,45,934,153,147,322,198,18,781,1254,653,985,1267,356,931,1015,63623,1586,430,162,137,305,558,145,183,79876
192,2020-06-10,584,189,665,573,230,73,1,75,252,1050,45,934,153,147,322,198,18,781,1254,653,985,1267,356,931,1015,63623,1587,431,162,137,305,558,145,183,79882
193,2020-06-11,584,189,666,573,230,73,1,75,252,1055,45,934,153,147,322,198,18,781,1254,653,985,1267,356,931,1015,63623,1588,431,162,137,306,560,145,183,79892
194,2020-06-12,584,189,666,573,231,73,1,75,252,1060,45,934,153,147,322,198,18,781,1254,653,985,1267,356,931,1015,63623,1589,431,162,137,306,561,145,183,79900
195,2020-06-13,584,189,666,573,231,73,1,75,252,1060,45,934,153,147,322,198,18,781,1254,653,985,1267,356,931,1015,63623,1590,431,162,137,306,562,145,183,79902
196,2020-06-14,584,189,667,573,231,73,1,75,252,1061,45,934,153,147,322,198,18,782,1254,653,985,1267,356,931,1015,63623,1590,431,162,137,306,563,145,183,79906
197,2020-06-15,584,189,667,573,231,73,1,75,252,1067,45,934,153,147,322,198,18,782,1254,653,985,1267,356,931,1015,63623,1590,433,163,137,306,563,145,183,79915
198,2020-06-16,584,189,667,573,234,73,1,75,252,1069,45,934,153,147,322,198,18,783,1254,653,985,1267,356,931,1015,63623,1592,433,163,137,306,563,145,183,79923
199,2020-06-17,584,191,668,573,234,73,1,75,252,1071,45,934,153,147,322,198,18,783,1254,653,985,1267,356,931,1015,63623,1593,434,163,137,306,565,145,183,79932
200,2020-06-18,584,191,668,573,234,73,1,75,252,1072,45,934,153,147,322,198,18,783,1254,653,985,1267,356,931,1015,63623,1603,434,163,137,306,567,145,183,79945
201,2020-06-19,584,191,668,573,234,73,1,75,252,1074,45,934,153,147,322,198,18,783,1254,653,985,1267,357,931,1015,63623,1604,434,163,137,306,569,145,183,79951
202,2020-06-20,584,191,668,573,234,73,1,75,252,1077,45,934,153,147,322,198,18,785,1254,653,985,1267,357,931,1015,63623,1613,434,163,137,306,570,145,183,79966
203,2020-06-21,584,191,668,573,235,73,1,75,252,1078,45,934,153,147,322,198,18,785,1254,653,985,1267,357,931,1015,63623,1614,434,163,137,306,570,145,183,79969
204,2020-06-22,584,191,669,573,235,73,1,75,252,1078,45,934,153,147,322,198,18,785,1254,653,985,1267,357,931,1015,63623,1614,434,163,137,306,570,145,183,79970
205,2020-06-23,584,192,669,573,236,73,1,75,252,1083,45,934,153,147,323,198,18,785,1254,653,985,1267,357,931,1015,63623,1619,435,163,137,307,572,145,183,79987
206,2020-06-24,584,192,670,573,236,73,1,75,252,1086,45,934,153,147,323,198,18,785,1254,653,985,1267,357,931,1015,63623,1620,435,163,138,307,573,145,183,79994
207,2020-06-25,584,192,672,573,236,73,1,75,252,1088,45,934,153,147,323,198,18,785,1254,653,985,1267,357,931,1015,63623,1621,435,163,139,307,575,145,183,80002
208,2020-06-26,585,193,674,573,236,73,1,75,252,1091,45,934,153,147,324,198,18,785,1254,653,985,1267,357,931,1015,63623,1621,435,165,139,307,575,145,183,80012
209,2020-06-27,585,193,675,573,236,73,1,75,252,1095,45,934,153,147,326,198,18,785,1254,653,985,1267,357,931,1015,63623,1622,435,165,140,307,575,145,183,80021
210,2020-06-28,585,193,675,573,237,73,1,75,252,1104,45,934,153,147,331,198,18,785,1254,653,985,1267,357,931,1015,63623,1622,435,165,140,307,575,145,183,80036
211,2020-06-29,586,194,675,573,237,73,1,75,252,1105,45,934,153,147,333,198,18,785,1254,653,985,1267,357,931,1015,63623,1625,435,165,143,307,577,145,183,80049
212,2020-06-30,587,194,675,573,237,73,1,75,252,1107,45,934,153,147,334,198,18,785,1254,653,985,1267,357,931,1015,63623,1627,435,165,146,308,578,145,183,80060
213,2020-07-01,587,194,677,573,237,73,1,75,252,1117,45,934,153,148,334,198,18,785,1254,653,985,1267,359,931,1015,63623,1627,438,165,149,309,580,145,183,80084
214,2020-07-02,590,194,678,573,237,73,1,75,252,1120,45,934,153,148,334,198,18,785,1254,653,985,1267,359,931,1015,63623,1627,438,165,153,310,580,145,183,80096
215,2020-07-03,592,194,681,574,237,73,1,75,252,1125,45,934,153,148,334,198,18,785,1254,653,985,1267,359,931,1015,63623,1629,438,165,154,310,581,145,183,80111
216,2020-07-04,594,194,681,574,237,73,1,75,252,1145,45,934,153,149,336,198,18,785,1254,653,985,1267,360,931,1015,63623,1629,438,165,154,310,581,145,183,80137
217,2020-07-05,595,194,681,574,237,73,1,75,252,1156,45,934,153,150,337,198,18,785,1254,653,985,1267,360,931,1015,63623,1631,438,165,154,311,581,145,183,80154
218,2020-07-06,596,194,685,574,237,73,1,75,252,1157,45,934,153,150,337,198,18,785,1254,653,985,1267,360,931,1015,63623,1631,438,165,156,313,581,145,183,80164
219,2020-07-07,600,194,688,574,237,73,1,75,252,1161,45,934,153,150,337,198,18,785,1254,653,985,1267,360,931,1015,63623,1631,438,165,159,313,581,145,183,80178
220,2020-07-08,613,195,689,574,237,73,1,75,252,1167,45,934,153,150,337,198,18,785,1254,654,985,1267,360,931,1015,63623,1631,438,165,162,313,581,145,183,80203
221,2020-07-09,645,195,689,575,237,73,1,75,252,1176,45,934,153,150,339,198,18,785,1254,654,985,1267,360,931,1015,63623,1631,438,165,162,314,582,145,183,80249
222,2020-07-10,657,195,689,575,237,73,1,75,252,1187,45,934,153,150,339,198,18,785,1254,654,985,1267,361,931,1015,63623,1634,438,165,162,314,585,145,183,80279
223,2020-07-11,669,195,689,575,237,73,1,75,252,1197,45,934,153,150,339,198,18,785,1254,654,985,1267,361,931,1015,63623,1634,438,165,162,314,587,145,183,80303
224,2020-07-12,680,195,689,575,237,73,1,75,252,1214,45,934,153,150,339,198,18,785,1254,654,985,1267,361,931,1015,63623,1634,438,165,162,314,587,145,183,80331
225,2020-07-13,694,195,690,575,237,73,1,75,252,1217,45,934,153,150,339,198,18,785,1254,654,985,1267,361,931,1015,63623,1634,440,165,162,314,587,145,183,80351
226,2020-07-14,716,195,690,575,237,73,1,75,252,1229,45,934,153,150,340,198,18,785,1254,654,985,1267,361,931,1015,63623,1635,440,165,164,314,589,145,183,80391
227,2020-07-15,730,195,691,576,237,73,1,75,252,1241,45,934,153,150,340,198,18,785,1254,654,985,1267,361,931,1015,63623,1635,440,165,165,315,589,145,183,80421
228,2020-07-16,752,195,694,576,237,73,1,75,252,1254,45,934,153,150,340,198,18,785,1254,654,985,1267,361,931,1015,63623,1636,440,165,165,315,590,145,183,80461
229,2020-07-17,762,195,699,576,237,73,1,75,252,1264,45,934,153,151,340,200,18,785,1254,654,985,1267,361,931,1015,63623,1636,440,165,165,315,591,145,183,80490
230,2020-07-18,775,195,701,576,237,73,1,75,252,1274,46,934,153,152,340,200,18,785,1254,654,985,1267,361,931,1015,63623,1636,440,165,165,315,592,145,184,80519
231,2020-07-19,804,195,706,576,237,73,1,75,252,1294,46,934,153,153,341,200,18,785,1254,654,985,1267,361,931,1015,63623,1636,440,165,165,315,592,145,184,80575
232,2020-07-20,816,195,708,576,237,73,1,75,252,1302,46,934,153,154,341,200,18,785,1254,654,985,1267,361,931,1015,63623,1637,440,165,165,316,592,145,184,80600
233,2020-07-21,833,195,709,576,237,73,1,75,252,1324,46,934,153,156,341,200,18,785,1254,654,985,1267,361,931,1015,63623,1637,440,165,165,316,593,145,185,80644
234,2020-07-22,833,195,711,576,240,73,1,75,252,1344,46,934,153,157,342,200,18,785,1254,654,985,1267,361,931,1015,63623,1637,440,165,165,316,593,145,185,80671
235,2020-07-23,855,195,712,576,241,73,1,75,253,1379,46,934,153,158,342,200,18,785,1254,654,985,1267,361,931,1015,63623,1637,440,165,165,317,594,145,185,80734
236,2020-07-24,855,195,712,576,241,73,1,75,253,1379,46,934,153,158,342,201,18,785,1254,654,985,1268,361,931,1015,63623,1639,440,165,165,317,594,145,185,80738
237,2020-07-25,867,195,716,576,241,73,1,75,253,1455,46,934,153,159,342,201,18,785,1254,654,985,1268,361,931,1015,63623,1641,440,165,165,317,594,145,186,80834
238,2020-07-26,878,195,717,576,244,73,1,75,253,1495,46,934,153,159,342,201,18,785,1254,654,985,1268,361,931,1015,63623,1642,440,165,165,317,594,145,186,80890
239,2020-07-27,881,195,718,576,244,73,1,75,253,1495,46,934,153,160,343,201,18,785,1254,654,985,1268,361,931,1015,63623,1645,440,165,165,318,594,145,186,80900
240,2020-07-28,895,195,719,576,244,79,1,75,253,1527,46,934,153,160,343,201,18,785,1254,654,985,1268,361,931,1015,63623,1645,440,165,165,318,595,145,186,80954
241,2020-07-29,896,195,719,577,244,79,1,75,253,1591,46,934,153,160,343,201,18,785,1254,654,985,1268,362,931,1015,63623,1648,440,165,165,318,596,145,186,81025
242,2020-07-30,901,195,720,577,244,79,1,75,253,1660,46,934,153,160,343,201,18,785,1254,654,985,1268,363,931,1015,63623,1651,440,165,165,318,596,145,186,81104
243,2020-07-31,911,195,722,577,244,82,1,75,253,1751,46,934,153,160,343,201,18,785,1254,654,985,1268,363,931,1015,63623,1653,440,165,165,318,597,145,186,81213
244,2020-08-01,915,196,725,577,244,96,1,75,253,1858,46,934,153,160,343,201,18,786,1254,654,985,1268,363,931,1015,63623,1653,441,165,165,318,597,145,187,81345
245,2020-08-02,917,196,725,577,244,103,1,75,253,1959,46,934,153,160,343,201,18,786,1254,654,985,1268,363,931,1015,63623,1654,441,165,165,318,597,145,187,81456
246,2020-08-03,917,196,727,577,244,115,1,75,253,2037,46,934,153,160,343,201,18,786,1254,654,985,1268,363,931,1015,63623,1657,441,165,165,318,597,145,187,81551
247,2020-08-04,918,196,727,577,244,115,1,75,253,2141,46,934,153,160,343,201,18,786,1254,654,985,1268,363,931,1015,63623,1659,441,165,165,318,597,145,187,81658
248,2020-08-05,919,197,727,577,247,132,1,75,253,2314,46,934,154,161,343,201,18,786,1254,654,985,1268,363,931,1015,63623,1661,443,165,165,318,598,145,187,81860
249,2020-08-06,919,197,728,577,247,133,1,75,253,2458,46,934,154,165,343,201,18,786,1254,654,985,1268,363,931,1015,63623,1661,441,165,165,318,598,145,187,82008
250,2020-08-07,920,197,728,577,247,181,1,75,253,2620,46,934,154,165,343,201,18,787,1254,654,985,1268,363,931,1015,63623,1663,441,165,165,318,599,145,187,82223
251,2020-08-08,920,199,730,577,247,211,1,75,253,2755,46,934,154,173,343,201,18,788,1254,654,985,1268,363,931,1015,63623,1664,441,165,165,318,599,145,187,82402
252,2020-08-09,920,200,731,577,247,258,1,75,253,2847,46,934,154,181,343,201,18,788,1254,654,985,1268,363,931,1015,63623,1669,441,165,165,319,599,145,188,82558
253,2020-08-10,920,201,731,577,253,296,1,75,253,2917,46,934,154,186,343,201,18,788,1254,654,985,1268,363,931,1015,63623,1671,441,165,165,319,599,145,188,82680
254,2020-08-11,920,202,737,577,253,337,1,75,253,3052,46,934,154,191,343,201,18,788,1254,655,985,1268,363,931,1015,63623,1672,441,165,165,322,599,145,188,82873
255,2020-08-12,920,202,737,577,254,375,1,75,253,3052,46,934,154,202,343,201,18,788,1254,656,985,1268,363,931,1015,63623,1676,443,165,165,323,600,145,188,82932
256,2020-08-13,920,202,739,577,254,424,1,75,253,3295,46,934,154,207,343,201,18,789,1254,655,985,1268,364,931,1015,63623,1678,450,165,165,324,602,145,188,83244
257,2020-08-14,922,202,740,577,255,457,1,75,253,3392,46,934,154,220,343,201,18,789,1254,655,985,1268,365,931,1015,63623,1681,450,165,165,324,605,145,188,83398
258,2020-08-15,923,202,745,577,256,497,1,75,253,3487,46,934,154,220,343,201,18,790,1254,655,985,1268,365,931,1015,63625,1683,450,165,165,324,606,145,188,83546
259,2020-08-16,923,202,749,577,256,521,1,75,253,3548,46,934,155,227,343,201,18,790,1254,655,985,1268,365,931,1015,63625,1684,450,165,167,324,606,145,188,83646
260,2020-08-17,923,202,752,577,256,545,1,75,253,3599,46,934,155,229,343,201,18,790,1254,655,985,1268,365,931,1015,63625,1684,450,165,167,324,606,145,188,83726
261,2020-08-18,924,202,754,577,256,568,1,75,253,3677,46,934,155,232,343,201,18,793,1254,655,985,1268,365,931,1015,63625,1687,450,165,167,324,608,145,188,83841
262,2020-08-19,924,202,769,577,256,597,1,75,253,3779,46,934,155,242,343,201,18,793,1254,655,985,1268,365,931,1015,63626,1689,457,165,167,335,609,145,189,84020
263,2020-08-20,924,202,777,577,256,625,1,75,253,3827,46,934,155,245,343,201,18,793,1254,656,985,1268,365,931,1015,63626,1691,457,165,167,337,609,145,189,84112
264,2020-08-21,924,202,783,577,256,672,1,75,253,3900,46,934,155,245,343,201,18,794,1254,656,985,1268,365,931,1015,63626,1695,457,165,167,339,610,145,189,84246
265,2020-08-22,924,203,786,577,257,701,1,75,253,3974,46,934,155,246,343,201,18,795,1254,656,985,1268,365,931,1015,63626,1696,457,165,167,341,611,145,189,84360
266,2020-08-23,924,203,796,577,257,716,1,75,253,4018,46,934,155,250,343,201,18,797,1254,656,985,1268,365,931,1015,63626,1701,457,165,167,343,611,145,189,84442
267,2020-08-24,924,203,799,577,257,739,1,75,253,4052,46,934,155,253,343,201,18,798,1254,656,985,1268,365,931,1015,63626,1701,457,165,167,345,611,145,189,84508
268,2020-08-25,924,203,805,577,257,775,1,75,253,4108,46,934,155,253,343,201,18,798,1254,656,985,1268,365,931,1015,63626,1702,457,165,167,347,615,145,189,84613
269,2020-08-26,926,203,807,577,257,775,1,75,253,4161,46,934,155,254,343,201,18,801,1254,656,985,1268,365,931,1015,63626,1704,457,165,167,349,617,145,189,84680
270,2020-08-27,926,205,819,577,257,806,1,75,253,4200,46,934,155,256,343,201,18,801,1254,657,985,1268,366,932,1015,63626,1707,462,165,167,353,619,145,189,84783
271,2020-08-28,926,205,826,577,257,825,1,75,253,4249,46,934,155,258,343,201,18,802,1254,657,985,1268,366,934,1015,63626,1715,462,165,167,353,620,145,191,84874
272,2020-08-29,926,213,829,577,257,837,1,75,253,4287,46,934,155,258,343,201,18,806,1254,657,985,1268,366,934,1015,63626,1716,462,165,167,353,622,145,191,84942
273,2020-08-30,926,213,835,577,257,837,1,75,253,4320,46,934,155,259,343,201,18,807,1254,657,985,1268,366,934,1015,63626,1718,462,165,167,353,622,145,191,84985
274,2020-08-31,926,213,840,577,257,850,1,75,253,4342,46,935,155,259,343,201,18,807,1254,657,985,1268,366,934,1015,63627,1719,462,165,167,355,622,145,191,85030
275,2020-09-01,926,213,842,577,257,877,1,75,253,4380,46,935,155,259,346,201,18,808,1254,658,985,1268,368,934,1015,63627,1721,462,165,167,355,624,145,191,85108
276,2020-09-02,926,214,849,577,258,879,1,75,253,4401,46,935,155,259,346,201,18,809,1254,659,985,1268,369,934,1015,63627,1721,471,165,167,360,627,145,191,85160
277,2020-09-03,926,214,854,577,259,883,1,75,253,4431,46,935,155,259,347,201,18,809,1254,659,985,1268,369,934,1015,63627,1722,471,165,167,360,630,145,191,85205
278,2020-09-04,926,214,860,577,259,885,1,75,253,4456,46,935,155,259,347,201,18,809,1254,659,985,1268,370,934,1015,63627,1722,471,165,167,360,632,145,191,85241
279,2020-09-05,926,214,866,577,259,889,1,75,253,4493,46,935,155,259,354,201,18,809,1254,661,985,1268,370,934,1015,63627,1723,473,165,167,360,634,145,191,85302
280,2020-09-06,926,214,869,577,259,896,1,75,253,4510,46,935,155,259,354,201,18,810,1254,661,985,1268,372,934,1015,63627,1727,473,165,167,360,634,145,192,85337
281,2020-09-07,926,215,872,577,259,899,1,75,253,4524,46,935,155,259,354,201,18,811,1254,661,985,1268,372,934,1015,63627,1733,475,165,167,360,634,145,192,85367
282,2020-09-08,926,216,875,577,259,899,1,75,253,4543,46,935,155,260,355,201,18,811,1254,661,985,1268,372,934,1015,63627,1735,475,165,167,361,637,145,193,85399
283,2020-09-09,926,216,877,577,259,899,1,75,253,4557,46,935,155,260,355,201,18,811,1254,661,985,1268,372,934,1015,63627,1737,475,165,167,362,642,145,193,85423
284,2020-09-10,926,220,883,577,259,899,1,75,253,4582,46,935,155,260,355,201,18,811,1254,661,985,1268,373,934,1015,63627,1743,475,165,168,364,642,145,193,85468
285,2020-09-11,926,220,887,577,259,899,1,75,253,4598,46,935,155,260,355,201,18,812,1254,663,985,1268,374,934,1015,63627,1745,475,165,168,364,644,145,193,85496
286,2020-09-12,926,221,890,577,259,899,1,75,253,4613,46,935,155,260,355,202,18,813,1254,663,985,1268,375,934,1015,63627,1745,475,165,168,365,645,145,193,85520
287,2020-09-13,926,225,897,577,259,899,1,75,253,4630,46,935,155,261,355,202,18,813,1254,663,985,1268,376,934,1015,63627,1749,475,165,168,368,645,145,193,85557
288,2020-09-14,926,225,897,577,259,899,1,75,253,4630,46,935,155,261,356,202,18,813,1254,663,985,1272,376,934,1015,63627,1751,475,165,168,368,645,145,194,85565
289,2020-09-15,926,225,904,577,259,899,1,75,253,4646,46,935,155,261,356,202,18,813,1254,663,985,1272,377,934,1015,63627,1753,476,165,168,370,648,145,195,85598
290,2020-09-16,926,225,909,577,259,899,1,75,253,4663,46,935,155,262,356,202,18,813,1254,663,985,1272,377,934,1015,63627,1757,477,165,168,370,650,145,195,85628
291,2020-09-17,926,225,909,577,259,899,1,75,253,4682,46,935,155,262,356,202,18,813,1254,663,985,1272,377,934,1015,63627,1760,478,165,168,371,650,145,195,85652
292,2020-09-18,926,225,910,577,259,899,1,75,253,4696,46,935,155,262,356,202,18,813,1254,663,985,1272,379,934,1015,63627,1764,478,165,168,371,651,145,195,85674
293,2020-09-19,926,226,916,577,259,899,1,75,253,4707,46,935,155,262,356,202,18,814,1254,663,985,1272,380,934,1015,63627,1767,479,165,168,372,652,145,195,85700
294,2020-09-20,926,226,919,577,259,899,1,75,253,4712,46,935,155,262,356,203,18,815,1254,664,985,1272,380,934,1015,63627,1768,479,165,168,372,652,145,196,85713
295,2020-09-21,926,228,923,577,259,899,1,75,253,4717,46,935,155,262,356,203,18,816,1254,664,985,1272,380,934,1015,63627,1771,479,165,168,372,652,145,196,85728
296,2020-09-22,926,228,923,578,259,899,1,75,254,4717,46,935,155,262,357,203,18,816,1254,664,985,1272,380,934,1015,63627,1774,479,165,168,372,654,145,196,85736
297,2020-09-23,926,229,926,578,259,899,1,75,254,4749,46,935,155,262,357,203,18,816,1254,664,985,1272,381,934,1015,63627,1777,479,165,168,374,655,145,196,85779
298,2020-09-24,926,230,928,578,259,899,1,75,254,4758,46,935,155,262,357,203,18,816,1254,664,985,1272,381,934,1015,63627,1780,480,165,168,374,656,145,196,85796
299,2020-09-25,926,230,928,578,259,899,1,75,254,4765,46,935,155,263,357,203,18,816,1254,664,985,1272,384,934,1015,63627,1782,480,165,168,374,657,145,196,85810
300,2020-09-26,926,233,934,578,259,899,1,75,254,4777,46,935,155,263,357,203,18,821,1254,664,985,1272,385,934,1015,63627,1785,480,165,168,374,657,145,196,85840
301,2020-09-27,926,233,936,578,259,899,1,75,254,4786,46,935,155,263,357,203,18,821,1254,664,985,1272,385,934,1015,63627,1785,480,165,168,374,657,145,196,85851
302,2020-09-28,926,233,939,578,259,899,1,75,254,4790,46,935,155,263,358,203,18,822,1254,664,985,1272,387,934,1015,63627,1789,482,165,168,374,659,145,196,85870
303,2020-09-29,926,233,942,578,259,899,1,75,254,4807,46,935,155,263,358,203,18,823,1254,664,985,1272,387,934,1015,63627,1792,482,165,168,378,660,145,197,85900
304,2020-09-30,926,233,947,578,259,899,1,75,254,4827,46,935,155,263,358,203,18,823,1254,664,985,1272,388,934,1015,63627,1796,483,165,168,381,660,145,197,85934
305,2020-10-01,926,233,950,578,260,899,1,75,255,4836,46,935,155,263,358,203,18,823,1254,664,985,1272,390,934,1015,63627,1799,484,165,168,382,663,145,197,85958
306,2020-10-02,926,234,953,578,260,899,1,75,255,4842,46,935,155,263,358,203,18,823,1254,664,985,1272,390,934,1015,63627,1800,484,165,168,383,663,145,198,85971
307,2020-10-03,926,234,955,578,260,899,1,75,255,4849,46,935,155,264,358,203,18,823,1254,664,985,1272,391,934,1015,63627,1803,484,165,168,384,663,145,198,85986
308,2020-10-04,926,234,957,578,261,899,1,75,255,4861,46,935,155,266,358,203,18,823,1254,664,985,1272,393,934,1015,63627,1804,484,165,168,386,663,145,199,86009
309,2020-10-05,926,234,958,578,261,899,1,75,255,4864,46,935,155,266,358,203,18,823,1254,664,985,1272,394,934,1015,63627,1806,484,165,168,388,663,145,199,86018
310,2020-10-06,926,235,958,578,261,899,1,75,255,4864,46,935,155,266,358,203,18,823,1254,664,985,1272,394,934,1015,63627,1808,485,165,168,389,664,145,200,86025
311,2020-10-07,926,235,966,578,261,899,1,75,255,4875,46,935,155,266,358,203,18,823,1255,664,985,1272,397,934,1015,63627,1811,485,165,168,394,665,145,200,86057
312,2020-10-08,926,235,971,578,261,899,1,75,255,4890,46,935,155,268,358,203,18,823,1255,664,985,1272,399,934,1015,63627,1815,486,165,168,396,665,145,200,86088
313,2020-10-09,927,236,976,578,261,899,1,75,255,4906,46,935,155,268,358,203,18,823,1255,664,985,1272,399,934,1015,63627,1821,488,165,168,396,668,145,200,86122
314,2020-10-10,927,236,980,578,261,899,1,75,256,4914,46,935,155,269,358,203,18,823,1255,664,985,1272,400,934,1015,63627,1822,488,165,168,397,670,145,200,86141
315,2020-10-11,927,236,981,578,261,899,1,75,256,4919,46,935,155,269,358,203,18,824,1255,664,985,1272,400,934,1015,63627,1823,488,165,168,398,673,145,200,86153
316,2020-10-12,927,238,985,578,262,899,1,75,256,4921,46,935,155,269,358,203,18,824,1255,664,985,1272,402,934,1015,63627,1823,489,165,168,398,676,145,200,86168
317,2020-10-13,927,238,988,578,262,899,1,75,256,4931,46,935,155,269,358,203,18,824,1255,664,985,1272,406,934,1015,63627,1825,489,165,168,399,680,145,200,86192
318,2020-10-14,927,238,993,578,263,899,1,75,256,4932,46,935,155,269,358,203,18,824,1256,664,985,1272,406,934,1015,63627,1826,491,165,168,399,681,145,200,86204
319,2020-10-15,927,238,996,578,263,899,1,75,256,4943,46,935,155,269,358,204,18,824,1256,664,985,1272,406,934,1015,63627,1829,491,165,168,402,681,145,200,86225
320,2020-10-16,927,240,997,578,263,899,1,75,256,4951,46,935,155,270,358,204,18,824,1256,664,985,1272,406,934,1015,63627,1831,491,165,168,402,685,145,200,86243
321,2020-10-17,927,240,1003,578,263,899,1,75,257,4963,46,935,155,270,358,204,18,824,1256,665,985,1279,406,934,1015,63627,1832,491,165,168,402,686,145,200,86272
322,2020-10-18,927,240,1011,578,265,899,1,75,258,4973,46,935,155,270,358,204,18,825,1256,665,985,1279,407,934,1015,63627,1836,491,165,168,406,687,145,200,86304
323,2020-10-19,927,241,1013,578,265,899,1,75,258,4982,46,935,155,270,358,204,18,825,1256,665,985,1279,409,934,1015,63627,1840,493,165,168,408,687,145,200,86326
324,2020-10-20,927,241,1021,578,266,899,1,75,258,4996,46,935,155,270,358,204,18,825,1256,665,985,1279,409,934,1015,63627,1841,495,165,168,409,690,145,201,86357
325,2020-10-21,927,241,1021,579,266,899,1,75,258,5004,46,935,155,271,358,204,18,826,1256,665,985,1279,409,934,1015,63627,1844,495,165,168,412,694,145,202,86379
326,2020-10-22,927,242,1028,579,266,899,1,75,258,5019,46,935,155,271,358,204,18,827,1257,665,985,1279,409,934,1015,63627,1848,497,165,168,414,696,145,202,86414
327,2020-10-23,928,242,1028,579,266,899,1,75,258,5029,46,935,155,271,359,204,18,827,1257,665,985,1279,409,934,1015,63627,1851,497,165,168,414,701,145,204,86436
328,2020-10-24,928,242,1034,579,266,899,1,75,258,5041,46,935,155,271,359,205,18,827,1257,665,985,1279,409,934,1015,63627,1857,502,165,168,414,701,145,205,86467
329,2020-10-25,928,242,1034,579,267,899,1,75,258,5047,46,935,155,272,359,205,18,827,1257,665,985,1279,410,934,1015,63627,1861,502,165,168,417,702,145,206,86485
330,2020-10-26,928,246,1046,579,267,899,1,75,258,5050,46,935,155,272,359,205,18,828,1257,665,985,1279,410,934,1015,63627,1865,502,165,168,417,702,145,206,86509
331,2020-10-27,928,246,1046,579,268,899,1,75,258,5053,46,935,155,273,359,205,18,829,1257,666,985,1279,410,934,1015,63627,1869,502,165,168,421,705,145,206,86527
332,2020-10-28,928,247,1049,579,268,899,1,75,258,5063,46,935,155,273,359,205,18,829,1257,666,985,1279,410,934,1015,63627,1870,508,165,168,421,708,145,206,86551
333,2020-10-29,928,247,1059,579,268,899,1,75,258,5073,46,935,155,276,359,206,18,831,1257,666,985,1279,410,934,1015,63627,1870,513,165,168,421,708,145,206,86582
334,2020-10-30,929,251,1067,579,268,899,1,75,258,5082,46,935,155,276,359,206,18,833,1258,666,985,1279,410,934,1015,63627,1877,514,165,168,423,708,145,206,86617
335,2020-10-31,929,251,1074,579,268,899,1,75,258,5089,46,935,155,276,359,207,18,834,1258,666,985,1279,410,934,1015,63627,1882,515,165,168,423,709,145,207,86641
336,2020-11-01,929,251,1085,579,270,899,1,75,258,5096,46,935,155,278,359,208,18,835,1258,666,985,1279,411,934,1015,63627,1882,518,165,168,423,710,145,207,86670
337,2020-11-02,929,251,1096,579,270,899,1,75,258,5102,46,935,155,278,359,208,18,835,1258,666,985,1279,411,934,1015,63627,1887,519,165,168,426,711,145,208,86698
338,2020-11-03,929,255,1101,580,270,899,1,75,258,5109,46,935,155,278,360,208,18,836,1258,666,985,1279,412,934,1015,63627,1891,521,165,168,426,713,145,208,86726
339,2020-11-04,929,257,1101,580,270,899,1,75,258,5118,46,935,155,278,360,210,18,836,1258,666,985,1279,413,934,1015,63627,1892,521,165,168,427,715,145,208,86744
340,2020-11-05,929,259,1111,580,270,899,1,75,258,5126,46,935,155,278,360,211,18,837,1258,666,985,1279,414,934,1015,63627,1896,523,165,168,428,716,145,208,86775
341,2020-11-06,929,260,1116,580,270,899,1,75,258,5131,46,935,155,279,360,211,18,838,1258,666,985,1279,415,934,1015,63627,1899,523,165,176,428,717,145,208,86801
342,2020-11-07,929,260,1122,580,270,903,1,75,258,5139,46,935,155,279,360,213,18,839,1258,666,985,1279,417,934,1015,63627,1902,523,165,176,429,722,145,208,86833
343,2020-11-08,929,263,1143,580,271,915,1,75,258,5144,46,935,155,279,361,213,18,839,1258,666,985,1279,418,934,1015,63627,1902,524,165,176,432,724,145,208,86883
344,2020-11-09,929,263,1151,580,272,920,1,75,258,5146,46,935,155,279,361,213,18,839,1258,666,985,1279,419,934,1015,63627,1904,526,165,176,434,727,145,208,86909
345,2020-11-10,929,263,1154,582,273,920,1,75,258,5153,46,935,155,280,361,213,18,839,1258,666,985,1279,419,934,1015,63627,1909,528,165,176,434,728,145,208,86931
346,2020-11-11,931,265,1157,582,273,925,1,75,258,5159,46,935,155,280,361,213,18,840,1258,666,985,1279,420,934,1015,63627,1915,528,165,176,434,728,145,209,86958
347,2020-11-12,931,265,1164,582,274,936,1,75,258,5170,46,936,155,280,361,213,18,841,1259,666,985,1279,420,934,1015,63627,1918,532,165,176,434,731,145,209,87001
348,2020-11-13,932,266,1167,582,281,941,1,75,258,5177,46,936,155,280,361,213,18,841,1259,666,985,1279,420,934,1015,63627,1921,533,165,177,434,733,145,209,87032
349,2020-11-14,932,266,1174,582,282,948,1,75,258,5187,46,936,155,280,362,213,18,841,1259,666,985,1279,423,934,1015,63627,1922,535,165,177,438,735,145,209,87070
350,2020-11-15,932,267,1183,582,282,952,1,75,258,5194,46,936,155,280,362,213,18,841,1259,666,985,1279,426,934,1015,63627,1922,536,165,177,439,736,145,209,87097
351,2020-11-16,932,269,1198,582,282,960,1,75,258,5198,46,936,155,280,362,213,18,841,1259,666,985,1283,426,934,1015,63627,1923,536,165,177,439,738,145,209,87133
352,2020-11-17,933,274,1198,583,286,962,1,75,258,5212,46,936,155,280,363,213,18,841,1259,667,985,1283,430,934,1015,63627,1925,539,165,177,439,741,145,209,87174
353,2020-11-18,933,275,1207,583,287,969,1,75,258,5224,46,936,155,280,363,213,18,841,1260,668,985,1283,431,934,1015,63628,1930,541,165,177,443,743,145,209,87221
354,2020-11-19,935,276,1223,583,287,977,1,75,258,5233,46,936,155,281,363,213,18,841,1261,668,985,1283,431,934,1015,63628,1933,545,165,177,443,743,145,210,87267
355,2020-11-20,936,276,1223,583,288,977,1,75,258,5239,46,936,155,281,363,213,18,841,1261,668,985,1283,433,934,1015,63628,1933,546,165,177,444,744,145,210,87280
356,2020-11-21,936,277,1233,583,290,977,1,75,258,5248,46,936,155,281,363,213,18,841,1261,670,985,1283,434,934,1015,63628,1935,546,165,178,446,745,145,210,87311
357,2020-11-22,936,277,1236,583,291,977,1,75,258,5259,46,936,155,281,363,214,18,841,1261,670,985,1283,434,934,1016,63628,1937,548,165,178,447,745,145,210,87333
358,2020-11-23,936,279,1242,583,291,977,1,75,258,5267,46,936,155,283,365,215,18,841,1261,670,985,1283,434,934,1016,63628,1939,549,165,179,449,745,145,210,87360
359,2020-11-24,936,279,1249,583,291,977,1,75,258,5274,46,936,155,283,366,215,18,841,1261,671,985,1283,434,934,1016,63628,1940,549,165,179,449,748,145,210,87380
360,2020-11-25,936,279,1253,583,291,977,1,75,258,5295,46,936,155,285,366,215,18,841,1261,671,985,1283,437,934,1016,63628,1941,553,165,179,453,754,145,210,87425
361,2020-11-26,937,279,1253,583,296,977,1,75,258,5300,46,936,155,285,366,216,18,841,1261,672,985,1283,437,934,1016,63629,1942,555,165,179,455,758,145,210,87448
362,2020-11-27,937,282,1253,583,296,977,1,75,258,5313,46,936,155,285,366,217,18,841,1261,672,985,1283,438,934,1016,63629,1943,555,165,179,455,759,145,210,87468
363,2020-11-28,937,283,1266,583,301,977,1,75,258,5328,46,936,155,286,366,217,18,841,1261,672,986,1283,440,934,1016,63630,1947,556,165,179,460,759,145,210,87517
364,2020-11-29,937,283,1267,583,302,977,1,75,258,5340,46,936,155,286,366,217,18,841,1261,672,986,1283,442,934,1016,63630,1947,565,165,179,463,760,145,210,87546
365,2020-11-30,938,286,1277,583,304,977,1,75,258,5344,46,936,155,286,366,217,18,841,1261,672,986,1283,443,934,1016,63633,1949,565,165,179,467,760,145,210,87576
366,2020-12-01,938,287,1279,583,305,977,1,75,259,5360,46,936,155,286,366,217,18,841,1262,672,986,1288,443,934,1016,63633,1950,568,165,179,468,761,145,210,87609
367,2020-12-02,938,287,1279,583,305,977,1,75,259,5361,46,936,155,286,366,218,18,841,1263,672,986,1288,447,934,1016,63633,1951,565,165,179,468,767,145,210,87620
368,2020-12-03,938,290,1285,583,306,977,1,75,260,5423,46,936,155,286,366,218,18,841,1263,672,986,1288,450,934,1016,63633,1952,572,165,179,470,773,145,210,87712
369,2020-12-04,938,292,1288,583,306,977,1,75,260,5465,46,936,155,287,366,218,18,841,1265,672,986,1288,450,934,1016,63633,1953,572,165,179,471,774,145,210,87765
370,2020-12-05,939,292,1291,583,306,977,1,75,260,5511,46,936,155,287,366,218,18,841,1265,674,986,1288,450,934,1016,63633,1956,574,165,179,474,776,145,210,87827
371,2020-12-06,939,292,1294,583,306,977,1,75,260,5567,46,936,155,287,366,218,18,841,1266,674,986,1288,452,934,1016,63635,1958,574,165,179,475,777,145,210,87895
372,2020-12-07,939,292,1299,583,308,977,1,75,260,5626,46,936,155,287,367,218,18,841,1266,674,986,1288,453,934,1016,63635,1960,574,165,180,478,779,145,210,87971
373,2020-12-08,939,292,1299,583,308,977,1,75,260,5696,46,936,155,287,367,218,18,841,1266,674,986,1288,453,934,1016,63635,1964,582,165,180,479,781,145,210,88056
